species,move_id,move,template_byte,new_byte
3,431,rock-climb,0,129
9,431,rock-climb,0,129
27,431,rock-climb,2,3
28,431,rock-climb,2,3
31,431,rock-climb,0,129
34,431,rock-climb,0,129
55,431,rock-climb,0,129
56,431,rock-climb,0,129
57,431,rock-climb,0,129
58,555,snarl,0,1
59,431,rock-climb,0,129
59,555,snarl,0,1
62,431,rock-climb,0,129
66,431,rock-climb,0,129
67,431,rock-climb,0,129
68,431,rock-climb,0,129
74,431,rock-climb,2,3
75,431,rock-climb,2,3
76,431,rock-climb,2,3
95,431,rock-climb,2,3
104,431,rock-climb,0,129
105,431,rock-climb,0,129
106,431,rock-climb,0,129
107,431,rock-climb,0,129
108,431,rock-climb,0,129
111,431,rock-climb,2,3
112,431,rock-climb,2,3
113,431,rock-climb,0,129
115,431,rock-climb,0,129
125,431,rock-climb,0,129
126,431,rock-climb,0,129
127,431,rock-climb,0,129
128,431,rock-climb,0,129
139,431,rock-climb,0,129
141,431,rock-climb,0,129
143,431,rock-climb,0,129
150,431,rock-climb,0,129
151,431,rock-climb,0,129
151,555,snarl,0,1
154,431,rock-climb,0,129
157,431,rock-climb,0,129
160,431,rock-climb,0,129
163,148,flash,0,129
164,148,flash,0,129
179,115,reflect,130,2
180,115,reflect,130,2
181,115,reflect,130,2
181,431,rock-climb,0,129
197,555,snarl,0,1
198,555,snarl,0,1
208,431,rock-climb,2,3
209,555,snarl,0,1
210,431,rock-climb,0,129
210,555,snarl,0,1
215,555,snarl,0,1
217,431,rock-climb,0,129
228,555,snarl,0,1
229,555,snarl,0,1
235,464,dark-void,0,64
235,555,snarl,64,0
242,431,rock-climb,0,129
243,431,rock-climb,0,129
243,555,snarl,0,1
244,431,rock-climb,0,129
244,555,snarl,0,1
245,431,rock-climb,0,129
245,555,snarl,0,1
246,555,snarl,0,1
247,555,snarl,0,1
248,431,rock-climb,0,129
248,555,snarl,0,1
254,431,rock-climb,0,129
257,431,rock-climb,0,129
260,431,rock-climb,0,129
261,555,snarl,0,1
262,555,snarl,0,1
272,431,rock-climb,0,129
274,555,snarl,0,1
275,555,snarl,0,1
288,431,rock-climb,0,129
289,431,rock-climb,0,129
292,129,swift,0,129
292,213,attract,0,1
292,253,uproar,0,129
292,314,air-cutter,0,129
292,318,silver-wind,2,3
292,355,roost,0,129
292,369,u-turn,0,1
292,432,defog,0,129
292,445,captivate,0,129
292,466,ominous-wind,0,129
295,431,rock-climb,0,129
296,431,rock-climb,0,129
297,431,rock-climb,0,129
299,457,head-smash,0,2
302,555,snarl,0,1
306,431,rock-climb,0,129
309,555,snarl,0,1
310,555,snarl,0,1
318,555,snarl,0,1
319,555,snarl,0,1
335,431,rock-climb,0,129
342,555,snarl,0,1
359,555,snarl,0,1
377,431,rock-climb,0,129
378,431,rock-climb,0,129
379,431,rock-climb,0,129
383,431,rock-climb,0,129
387,431,rock-climb,0,129
388,431,rock-climb,0,129
389,431,rock-climb,0,129
390,431,rock-climb,0,129
391,431,rock-climb,0,129
392,431,rock-climb,0,129
395,431,rock-climb,0,129
400,431,rock-climb,2,3
403,555,snarl,0,1
404,555,snarl,0,1
405,555,snarl,0,1
408,431,rock-climb,0,129
409,431,rock-climb,0,129
413,89,earthquake,0,1
413,90,fissure,0,1
413,91,dig,0,1
413,106,harden,0,1
413,189,mud-slap,0,129
413,201,sandstorm,0,1
413,205,rollout,0,129
413,317,rock-tomb,0,1
413,319,metal-sound,0,1
413,334,iron-defense,0,129
413,350,rock-blast,0,1
413,360,gyro-ball,0,1
413,393,magnet-rise,0,129
413,414,earth-power,0,129
413,429,mirror-shot,0,1
413,430,flash-cannon,0,1
413,441,gunk-shot,0,129
413,442,iron-head,0,1
413,446,stealth-rock,0,129
413,523,bulldoze,0,1
430,555,snarl,0,1
434,555,snarl,0,1
435,555,snarl,0,1
442,555,snarl,0,1
443,431,rock-climb,2,3
444,431,rock-climb,2,3
445,431,rock-climb,2,3
446,431,rock-climb,0,129
448,431,rock-climb,0,129
452,431,rock-climb,0,129
452,555,snarl,0,1
453,431,rock-climb,0,129
454,431,rock-climb,0,129
460,431,rock-climb,0,129
461,555,snarl,0,1
463,431,rock-climb,0,129
464,431,rock-climb,2,3
466,431,rock-climb,0,129
467,431,rock-climb,0,129
473,431,rock-climb,0,129
476,457,head-smash,0,2
485,431,rock-climb,0,129
486,431,rock-climb,0,129
487,431,rock-climb,0,129
491,431,rock-climb,0,129
491,464,dark-void,5,0
491,555,snarl,0,1
493,431,rock-climb,0,129
493,555,snarl,0,1
506,555,snarl,0,1
507,555,snarl,0,1
508,555,snarl,0,1
509,555,snarl,0,1
510,555,snarl,0,1
551,555,snarl,0,1
552,555,snarl,0,1
553,555,snarl,0,1
559,555,snarl,0,1
560,555,snarl,0,1
570,555,snarl,0,1
571,555,snarl,0,1
621,555,snarl,0,1
624,555,snarl,0,1
625,555,snarl,0,1
629,555,snarl,0,1
630,555,snarl,0,1
