code,message_index,message_text_english,decided_by,trigger_condition,data_source,status,code_address_bw2_build,value_shown_in_log_viewer,notes
-1,0,There are no Pokémon in the party or Battle Box.,init,slot is empty (no Pokemon stored there),save data,read-only,,-1,shown as 'no Pokemon' only when no slot holds a Pokemon (inference)
0,1,OK,-,no problem found for this Pokemon,-,verified,,0,
10,2,There is a Bad Egg in the party or the Battle Box.,checker,"Bad Egg: the Bad Egg flag (sanity word bit 2) is set, or the stored checksum does not match the data",save data,verified,0x0200B464,10,
20,3,Invalid Pokémon: Pokémon No. value is out of range.,checker,species number is 0 or above 649,save data,verified,0x0200B4B4,20,
21,4,This Pokémon hasn't been distributed yet.,?,message exists; no return site found in the BW2 code path,-,not observed,,21,
22,5,There is no shiny version of this Pokémon.,rule.prd,species is shiny-locked (flag 0x0002) and the Pokemon is shiny,rule.prd record+0 flags,verified,0x0200B514,22,
23,6,Ineligible Pokémon.,rule.prd,"species flag 0x80 (mode 4) / 0x100 (mode 1) / 0x200 (mode 2). The BW2 tool always uses mode 0, so never evaluated",rule.prd record+0 flags,unreachable,"0x0200B534, 0x0200B554, 0x0200B574",23,semantics verified by calling the checker with mode 1
30,7,Level outside of 1 to 100.,checker,level is not in 1..100 (mode != 4),save data,verified,0x0200B598,30,tested via a party-form record with level 0 and 101
31,8,This Pokémon can't be obtained at this level.,rule.prd,level is below the species' minimum legal level (record+2),rule.prd record+2,verified,0x0200B5CC,31,
32,9,This Pokémon's form No. is invalid.,rule.prd,"form number is above the species' maximum form (record+3, signed)",rule.prd record+3,verified,0x0200BED8,32,
33,10,"Limited distribution Pokémon, but flag isn't set.",rule.prd,species flag 0x0004 (limited distribution) and the event/fateful flag is not set,rule.prd record+0 flags,verified,0x0200B608,33,
50,11,Illegal Pokémon is in a ball it shouldn't be in.,checker,ball ID is outside 1..25,save data,verified,0x0200B63C,50,
51,12,This Pokémon must be in an ordinary Poké Ball.,rule.prd,species flag 0x0010 requires an ordinary Poke Ball (ID 4) and the ball is different,rule.prd record+0 flags,verified,0x0200B698,51,
52,13,Pokémon hatched from an Egg must be in a Poké Ball.,checker,egg location is set (hatched) and the ball is not a Poke Ball (ID 4),save data,verified,0x0200B6B0,52,
60,14,Pokémon has illegal Ability,checker,ability is not one of the species' abilities (with exceptions for a few form species),app species data,verified,0x0200B780,60,
61,16,This Pokémon's has an unobtainable held item.,rule.prd,"held item ID above 625, or the item's bit is clear in rule.prd's 80-byte item whitelist (mode 0 also rejects item 225)",rule.prd bytes 0x00-0x4F,verified,"0x0200B7B8, 0x0200B7EC, 0x0200B800",61,
62,15,This Pokémon can't be found with this Ability yet.,rule.prd,species flag 0x0400 and the ability is the species' Hidden Ability,rule.prd record+0 flags,verified,0x0200C218,62,the BW1-era template sets 0x0400 on 645/649 species; rule_bw2.prd clears it by default
64,17,Illegal Ability/gender pairing for this Pokémon.,rule.prd,species flag 0x1000 with Hidden Ability and gender field 0x6E non-zero,rule.prd record+0 flags,unreachable,0x0200C284,64,no species carries flag 0x1000 in the compiled-in table
70,18,Invalid country code.,?,message exists; no return site found in the BW2 code path,-,not observed,,70,
80,19,Illegal Pokémon: Value for EV parameter exceeds 255,checker,"an EV value is above 255 (one code per stat: 80 HP, 81 Atk, 82 Def, 83 Spe, 84 SpA, 85 SpD)",save data,unreachable,0x0200BF0C,80,"EV is stored in one byte, so a stored record cannot exceed 255; stat order inferred from the getter field order 0x0D-0x12"
81,19,Illegal Pokémon: Value for EV parameter exceeds 255,checker,"an EV value is above 255 (one code per stat: 80 HP, 81 Atk, 82 Def, 83 Spe, 84 SpA, 85 SpD)",save data,unreachable,0x0200BF3C,81,"EV is stored in one byte, so a stored record cannot exceed 255; stat order inferred from the getter field order 0x0D-0x12"
82,19,Illegal Pokémon: Value for EV parameter exceeds 255,checker,"an EV value is above 255 (one code per stat: 80 HP, 81 Atk, 82 Def, 83 Spe, 84 SpA, 85 SpD)",save data,unreachable,0x0200BF6C,82,"EV is stored in one byte, so a stored record cannot exceed 255; stat order inferred from the getter field order 0x0D-0x12"
83,19,Illegal Pokémon: Value for EV parameter exceeds 255,checker,"an EV value is above 255 (one code per stat: 80 HP, 81 Atk, 82 Def, 83 Spe, 84 SpA, 85 SpD)",save data,unreachable,0x0200BF9C,83,"EV is stored in one byte, so a stored record cannot exceed 255; stat order inferred from the getter field order 0x0D-0x12"
84,19,Illegal Pokémon: Value for EV parameter exceeds 255,checker,"an EV value is above 255 (one code per stat: 80 HP, 81 Atk, 82 Def, 83 Spe, 84 SpA, 85 SpD)",save data,unreachable,0x0200BFC8,84,"EV is stored in one byte, so a stored record cannot exceed 255; stat order inferred from the getter field order 0x0D-0x12"
85,19,Illegal Pokémon: Value for EV parameter exceeds 255,checker,"an EV value is above 255 (one code per stat: 80 HP, 81 Atk, 82 Def, 83 Spe, 84 SpA, 85 SpD)",save data,unreachable,0x0200BFF4,85,"EV is stored in one byte, so a stored record cannot exceed 255; stat order inferred from the getter field order 0x0D-0x12"
90,20,Illegal Pokémon: Total EV value exceeds 510.,checker,total EVs above 510,save data,verified,0x0200C09C,90,
100,21,Illegal Pokémon: Power's random value out of range,checker,"an IV ('Power's random value') is out of range (one code per stat: 100 HP, 101 Atk, 102 Def, 103 Spe, 104 SpA, 105 SpD)",save data,unreachable,0x0200C0D0,100,"IV is stored in 5 bits, so a stored record cannot exceed 31; stat order inferred from the getter field order 0x46-0x4B"
101,21,Illegal Pokémon: Power's random value out of range,checker,"an IV ('Power's random value') is out of range (one code per stat: 100 HP, 101 Atk, 102 Def, 103 Spe, 104 SpA, 105 SpD)",save data,unreachable,0x0200C0FC,101,"IV is stored in 5 bits, so a stored record cannot exceed 31; stat order inferred from the getter field order 0x46-0x4B"
102,21,Illegal Pokémon: Power's random value out of range,checker,"an IV ('Power's random value') is out of range (one code per stat: 100 HP, 101 Atk, 102 Def, 103 Spe, 104 SpA, 105 SpD)",save data,unreachable,0x0200C128,102,"IV is stored in 5 bits, so a stored record cannot exceed 31; stat order inferred from the getter field order 0x46-0x4B"
103,21,Illegal Pokémon: Power's random value out of range,checker,"an IV ('Power's random value') is out of range (one code per stat: 100 HP, 101 Atk, 102 Def, 103 Spe, 104 SpA, 105 SpD)",save data,unreachable,0x0200C154,103,"IV is stored in 5 bits, so a stored record cannot exceed 31; stat order inferred from the getter field order 0x46-0x4B"
104,21,Illegal Pokémon: Power's random value out of range,checker,"an IV ('Power's random value') is out of range (one code per stat: 100 HP, 101 Atk, 102 Def, 103 Spe, 104 SpA, 105 SpD)",save data,unreachable,0x0200C180,104,"IV is stored in 5 bits, so a stored record cannot exceed 31; stat order inferred from the getter field order 0x46-0x4B"
105,21,Illegal Pokémon: Power's random value out of range,checker,"an IV ('Power's random value') is out of range (one code per stat: 100 HP, 101 Atk, 102 Def, 103 Spe, 104 SpA, 105 SpD)",save data,unreachable,0x0200C1AC,105,"IV is stored in 5 bits, so a stored record cannot exceed 31; stat order inferred from the getter field order 0x46-0x4B"
120,22,Illegal Pokémon: Move No. value exceeds range.,checker,move ID in slot N (120 = slot 1) is above 560,save data,verified,"0x0200B880, 0x0200BBBC",120,verified for slot 1
121,22,Illegal Pokémon: Move No. value exceeds range.,checker,move ID in slot N (120 = slot 1) is above 560,save data,verified,"0x0200B880, 0x0200BBBC",121,verified for slot 1
122,22,Illegal Pokémon: Move No. value exceeds range.,checker,move ID in slot N (120 = slot 1) is above 560,save data,verified,"0x0200B880, 0x0200BBBC",122,verified for slot 1
123,22,Illegal Pokémon: Move No. value exceeds range.,checker,move ID in slot N (120 = slot 1) is above 560,save data,verified,"0x0200B880, 0x0200BBBC",123,verified for slot 1
131,23,Illegal Pokémon: It has two of the same move.,checker,"a move repeats an earlier slot: 131 = slot 2, 132 = slot 3, 133 = slot 4",save data,verified,0x0200B8BC,131,
132,23,Illegal Pokémon: It has two of the same move.,checker,"a move repeats an earlier slot: 131 = slot 2, 132 = slot 3, 133 = slot 4",save data,verified,0x0200B8BC,132,
133,23,Illegal Pokémon: It has two of the same move.,checker,"a move repeats an earlier slot: 131 = slot 2, 132 = slot 3, 133 = slot 4",save data,verified,0x0200B8BC,133,
140,24,Illegal Pokémon: First move slot is empty.,checker,move slot 1 is empty,save data,verified,0x0200B8EC,140,
141,25,Illegal Pokémon: Second or third move slot is empty.,checker,an empty move slot is followed by a filled one,save data,verified,0x0200B918,141,
150,26,Illegal Pokémon: Knows a move that it can't learn.,rule.prd,the move in slot N (150 = slot 1) has no legal-source bit (0x01..0x10) for this species,rule.prd record move bytes,verified,0x0200BBEC,150,verified for all four slots
151,26,Illegal Pokémon: Knows a move that it can't learn.,rule.prd,the move in slot N (150 = slot 1) has no legal-source bit (0x01..0x10) for this species,rule.prd record move bytes,verified,0x0200BBEC,151,verified for all four slots
152,26,Illegal Pokémon: Knows a move that it can't learn.,rule.prd,the move in slot N (150 = slot 1) has no legal-source bit (0x01..0x10) for this species,rule.prd record move bytes,verified,0x0200BBEC,152,verified for all four slots
153,26,Illegal Pokémon: Knows a move that it can't learn.,rule.prd,the move in slot N (150 = slot 1) has no legal-source bit (0x01..0x10) for this species,rule.prd record move bytes,verified,0x0200BBEC,153,verified for all four slots
160,27,Illegal: BW Pokémon has moves only in old version.,rule.prd,slot N has an older-game-only move (byte bit 0x80) on a Pokemon that did not come through Poke Transfer (modes 0-2),rule.prd record move bytes,verified,0x0200BCA0,160,verified for slot 1
161,27,Illegal: BW Pokémon has moves only in old version.,rule.prd,slot N has an older-game-only move (byte bit 0x80) on a Pokemon that did not come through Poke Transfer (modes 0-2),rule.prd record move bytes,verified,0x0200BCA0,161,verified for slot 1
162,27,Illegal: BW Pokémon has moves only in old version.,rule.prd,slot N has an older-game-only move (byte bit 0x80) on a Pokemon that did not come through Poke Transfer (modes 0-2),rule.prd record move bytes,verified,0x0200BCA0,162,verified for slot 1
163,27,Illegal: BW Pokémon has moves only in old version.,rule.prd,slot N has an older-game-only move (byte bit 0x80) on a Pokemon that did not come through Poke Transfer (modes 0-2),rule.prd record move bytes,verified,0x0200BCA0,163,verified for slot 1
170,28,This Pokémon knows Sky Drop. Change this move.,checker,slot N (170 = slot 1) holds Sky Drop (move 507). Mode 0 only; evaluated after the learnability checks,fixed in code,verified,0x0200C2FC,170,only reached if the table says the species can learn Sky Drop; otherwise 150
171,28,This Pokémon knows Sky Drop. Change this move.,checker,slot N (170 = slot 1) holds Sky Drop (move 507). Mode 0 only; evaluated after the learnability checks,fixed in code,verified,0x0200C2FC,171,only reached if the table says the species can learn Sky Drop; otherwise 150
172,28,This Pokémon knows Sky Drop. Change this move.,checker,slot N (170 = slot 1) holds Sky Drop (move 507). Mode 0 only; evaluated after the learnability checks,fixed in code,verified,0x0200C2FC,172,only reached if the table says the species can learn Sky Drop; otherwise 150
173,28,This Pokémon knows Sky Drop. Change this move.,checker,slot N (170 = slot 1) holds Sky Drop (move 507). Mode 0 only; evaluated after the learnability checks,fixed in code,verified,0x0200C2FC,173,only reached if the table says the species can learn Sky Drop; otherwise 150
180,29,"Illegal Pokémon: Knows Egg Moves, but not from Egg.",rule.prd,"slot N has an egg-only move (byte bit 0x02, no other source) and the Pokemon was not hatched (egg location = 0)",rule.prd record move bytes,verified,0x0200BCD0,180,verified for slot 1
181,29,"Illegal Pokémon: Knows Egg Moves, but not from Egg.",rule.prd,"slot N has an egg-only move (byte bit 0x02, no other source) and the Pokemon was not hatched (egg location = 0)",rule.prd record move bytes,verified,0x0200BCD0,181,verified for slot 1
182,29,"Illegal Pokémon: Knows Egg Moves, but not from Egg.",rule.prd,"slot N has an egg-only move (byte bit 0x02, no other source) and the Pokemon was not hatched (egg location = 0)",rule.prd record move bytes,verified,0x0200BCD0,182,verified for slot 1
183,29,"Illegal Pokémon: Knows Egg Moves, but not from Egg.",rule.prd,"slot N has an egg-only move (byte bit 0x02, no other source) and the Pokemon was not hatched (egg location = 0)",rule.prd record move bytes,verified,0x0200BCD0,183,verified for slot 1
190,30,Illegal: Combination of moves unlearnable (XD).,rule.prd,an XD-only move (byte bit 0x10) together with an egg-only move,rule.prd record move bytes,verified,0x0200BD38,190,"only for transferred Pokemon (met location 30001), otherwise 160 fires first"
191,31,Illegal: Combination of moves unlearnable (Dist.).,rule.prd,a distribution-only move (byte bit 0x04) together with an egg-only move,rule.prd record move bytes,verified,0x0200BD88,191,"only for transferred Pokemon (met location 30001), otherwise 160 fires first"
200,32,Illegal Pokémon: Nature value exceeds range.,checker,nature value above 25,save data,verified,0x0200C328,200,
201,33,Illegal Pokémon: Gender value exceeds range.,checker,gender does not match the species' gender ratio,app species data,not observed,"0x0200C364, 0x0200C384, 0x0200C39C, 0x0200C3AC",201,toggling the stored gender/genderless bits never triggered it; gender appears to be derived
210,35,Illegal Pokémon: Hatched or caught in Mystery Zone.,checker,met location is non-zero but not a valid location ID ('Mystery Zone'),app location table,verified,0x0200BDD4,210,
211,37,Ltd. Pokémon in old game. Poké Transit not used. NG.,rule.prd,"species flag 0x0020, egg location set, and met location not in {30001, 30010-30013, 30014, 73}",rule.prd flags + save data,verified,0x0200BEA8,211,
212,34,Illegal Pokémon: Invalid birthplace or place caught.,rule.prd,"species has an allowed-location list (record+4, up to 8 x u16) and the met location is not in it",rule.prd record+4..+0x13,verified,0x0200BE34,212,
230,36,Illegal Pokémon: Invalid Simple Chat in held mail.,?,message exists; no return site found in the BW2 code path,-,not observed,,230,
500,38,This Pokémon can't be used so please change Pokémon.,regulation.bin,species bit set in the banned-species bitmap (bytes 0x12-0x63),regulation.bin,verified,,500,accessor verified in emulator; only evaluated if the Pokemon passed every rule.prd check
501,39,"Holding an unusable item, please change items.",regulation.bin,held item bit set in the banned-item bitmap (bytes 0x64-0xB3),regulation.bin,verified,,501,accessor verified in emulator
502,40,Lv violates tournament rules. Change Pokémon.,regulation.bin,"level rule: mode (byte 0x0D) 1 = level must be >= byte 0x0C, mode 2 = level must be <= byte 0x0C",regulation.bin,verified,,502,accessor verified in emulator
600,41,Can't have two of the same Pokémon. Change Pokémon.,regulation.bin,two Pokemon of the same species (skipped when byte 0x10 is non-zero),regulation.bin,verified,,2,party/box-wide; accessor verified. The LOG stores bit 0x02 (viewer shows 2)
601,42,Another Pokémon has the same item. Change items.,regulation.bin,two Pokemon holding the same item (skipped when byte 0x11 is non-zero),regulation.bin,verified,,4,party/box-wide; accessor verified. The LOG stores bit 0x04 (viewer shows 4)
602,43,Total Lv exceeds regulation Please change Pokémon.,regulation.bin,sum of levels above the cap (u16 at 0x0E; 0 = no cap),regulation.bin,verified,,8,party/box-wide; accessor verified. The LOG stores bit 0x08 (viewer shows 8)
603,63,Check number of Pokémon. Too few for the battle.,regulation.bin,fewer Pokemon than the minimum (byte 0x0A),regulation.bin,verified,,16,party/box-wide; accessor verified; CONFIRMED ON REAL HARDWARE (2-Pokemon Battle Box logged value 16). The LOG stores bit 0x10 (viewer shows 16)
